{
  "num_images": 560,
  "avg_psnr": 22.553867959509457,
  "avg_bpp_total": 8.571845168354256,
  "avg_bpp_y": 8.319401538797788,
  "avg_bpp_z": 0.25244362955646854,
  "avg_mask_ratio": 0.5,
  "psnr_std": 3.5076632288358036,
  "bpp_total_std": 2.7092369953174416,
  "sigma_mean": 0.06671785761025689,
  "sigma_std": 0.050585697202665286,
  "sigma_min": -0.20100998878479004,
  "sigma_max": 0.17943936586380005
}